{"Citizen Kane": 1079.104836025303, "Godfather": 1106.6470096366095, "2001: A Space Odyssey": 1102.2683314661642, "Casablanca": 1141.4119239316144, "Godfather 2": 1094.432332067071, "Good, the Bad, and the Ugly": 1113.1234228105877, "Pulp Fiction": 1130.4917922402394, "Hero": 1051.359171221924, "Seven Samurai": 1111.7423879954977, "Silence of the Lambs": 1069.8748358895011, "Blade Runner 2049": 1053.5011817867367, "Apocalypse Now": 1076.0523172916053, "12 Angry Men": 998.3508775720047, "Inglorious Basterds": 1060.272702237277, "No Country for Old Men": 1071.6089736607823, "Blade Runner": 1001.3790674799061, "Spirited Away": 1054.9665435663417, "Goodfellas": 969.3870421340633, "Seven": 1056.5445567005797, "Chinatown": 1173.383761195621, "Inception": 1014.363004416116, "Searchers": 1071.6552315782183, "Lord of the Rings": 1029.8328590125586, "Psycho": 1039.1527938037727, "Fargo": 969.5513845963443, "Shawshank Redemption": 1037.1398060989297, "Rosemary's Baby": 1022.8934532647543, "Monty Python and the Holy Grail": 992.2671847346777, "Airplane": 988.0568863567491, "M": 1085.536767479102, "Sunset Blvd": 1144.6792020727935, "Mad Max Fury Road": 1022.7124013370935, "The Thing": 1038.8593799174978, "The Exorcist": 860.084706551388, "High and Low": 1029.2148437967523, "Ikiru": 939.3687213118765, "Magnificent Seven": 888.7706611238368, "Terminator 2": 1001.5256991150353, "The Social Network": 1023.2243538156025, "Arrival": 1031.612816406868, "In the Mood for Love": 1017.3987972877964, "The Third Man": 1008.0540493829603, "Eternal Sunshine of the Spotless Mind": 1065.941591235479, "The Fall": 952.1750474266125, "Rififi": 952.9274774564014, "Heat": 1069.0746630687054, "Akira": 1117.3566107364811, "Fight Club": 966.2661673003344, "Mulholland Drive": 991.6230642454288, "Taxi Driver": 943.9504897631642, "Casino": 895.5776438619633, "Rashomon": 1107.6473032955876, "The Shining": 1077.7735374688011, "Good Time": 1058.8670373538619, "Parasite": 1046.6337847764828, "Once Upon a Time in the West": 932.3996800378342, "Rio Bravo": 1007.6007762121427, "Jaws": 1093.8890994792475, "Touch of Evil": 989.2439234401877, "Wizard of Oz": 914.0328583754899, "Texas Chainsaw Massacre": 924.7720424795376, "The Matrix": 909.9305791754691, "There Will Be Blood": 964.6017088006581, "Raging Bull": 995.763042450594, "It's a Wonderful Life": 891.7287281680193, "Alien": 1074.4077587062225, "Aliens": 960.5409416601749, "Ran": 960.2361315127849, "Throne of Blood": 874.0110970756347, "Nosferatu": 1041.132143405723, "Raiders of the Lost Ark": 1007.8877042605144, "The Last Crusade": 1017.2181017520104, "Star Wars": 1001.5941957307838, "The Dark Knight": 948.350693807139, "Interstellar": 876.1051655393553, "The Prestige": 1025.8956822634775, "Saving Private Ryan": 1042.5492992274467, "Braveheart": 929.5810250715261, "Glory": 843.8922385733354, "Full Metal Jacket": 903.3383094140625, "RRR": 929.3160010026287, "Dr Strangelove": 898.3735354778532, "Sanjuro": 902.557170636115, "The Raid": 1004.4888721703114, "The Raid 2": 994.2785431276137, "Hot Fuzz": 1021.1319143098805, "Disney's Robin Hood": 892.1485089614843, "In Bruges": 946.836696210928, "The Incredibles": 995.0315505641287, "Toy Story": 985.3033904719001, "Good Will Hunting": 1042.7615681041395, "Blazing Saddles": 1096.1170557612727, "Spaceballs": 853.8895392382851, "Across the Spiderverse": 1023.9433362943367, "Rocky": 946.6645026421596, "High Noon": 966.427818210846, "Forrest Gump": 899.0597124001645, "Back to the Future": 1028.0621220503235, "The Lion King": 952.1014374513156, "Die Hard": 990.559763033729, "Pirates of the Caribbean: Curse of the Black Pearl": 1084.2608960940852, "Almost Famous": 972.3392278006595, "La La Land": 1009.2156547090841, "Get Out": 986.4858093231609, "The Big Short": 834.7607609648838, "Mean Girls": 891.6023329255411, "Ocean's 11": 950.94677448685, "Amadeus": 1026.9656630708055, "Holes": 864.9982812777464, "Drive": 997.8658396867261, "When Harry Met Sally": 945.897711550337, "Inside": 894.9290850874296, "Galaxy Quest": 1022.3035099244464}